,femaleASspeech,maleASspeech,femaleASsing,maleASsing,femaleMC,maleMC,femaleLM,maleLM
0,CfYHhTbsphg,k_a-bNslgLg,2Nf2AXhUOdU,26XPoduYFWg,Fz-ZNyVKWro,dl1ljByerd8,Woman00707.wav,Man00644.wav
1,xkQpqMr126A,9X2KXbJlh7M,3NVbCPUfVAE,2dh_OjkDrI0,qcjzfHmQvxg,ZX2fVPmUidA,Woman00532.wav,Man00809.wav
2,Nd7nhC1LxCg,lesbxDTUhog,7-K_RxOcv9o,2BWm6pmV7JI,TTytcT_1dmY,LFYRuK8YstI,Woman00962.wav,Man00701.wav
3,Ct-4QKESHck,0KKChHiDBEc,1zNvk2oOoFw,1T87nRjn888,1W2FOzSXsxs,8LP_wbFLaJE,Woman00099.wav,Man00529.wav
4,nl0z36kBkHM,8dt0qI-t7gk,5ty5ijrsH2o,6_zix5BUQ4E,BzM0qok5Cns,2G5bSYHcJSM,Woman00593.wav,Man00542.wav
5,H5txIQbW4LI,eGY7DvuJnwU,8-OEGwu8EoM,1vxMUl6Iy3Y,fZjQBgPD1Ys,oczJZV87k9A,Woman00337.wav,Man00672.wav
6,RhdmfIk8nO4,Afh5iSmvPuM,1o003r1S3AE,3Q1u_Lo7HlI,KqtlecvEOGw,zXxJymYt8Z4,Woman00916.wav,Man00565.wav
7,qXuOJr1wfvU,MUrBKhN1q14,11Inc9i5KxQ,BHnfPpcTrHA,7YtKrL6ScXA,8BJljuSm2Aw,Woman00749.wav,Man00544.wav
8,46Gzmo6AwMc,8bq6gweuuTE,3LeN_TuCCjM,-Tv0wMi5jTs,LGW99kSaf6M,1mB_cboJR8s,Woman00219.wav,Man00331.wav
9,7YumJ88YATg,bu4f7k5X9eQ,1Rio4QzzWD8,3toXXkU7U9g,yn4-OtUmyWo,d6w3d9S1LVM,Woman00382.wav,Man00074.wav
10,dVdV5iYyXY8,WiZuqejmXys,-BSoZcBq_Ns,IvWS4DPeqqs,ICcASgMtIJ8,GW6pti04qIo,Woman00632.wav,Man00860.wav
11,Av8_7xhs19M,3x8Nh4tEaVU,-WvnQnjubPM,2Fr6LbLrtVE,JvvnL7UnCGA,t5P_HJrrD64,Woman00876.wav,Man00466.wav
12,MF43WoT2F5I,dAqrrPa3Idk,5eVf7Fbc4FE,-24y5s4McCM,QpX9dSCFxRI,3tSPMzvuQpk,Woman00928.wav,Man01022.wav
13,424mN8XvYTY,E3UUOFwRHXg,0qXh8149Yp0,28eNI7AkWQs,EZAwPnGOJPE,PRzBkZSSyY0,Woman00671.wav,Man00683.wav
14,Xup8JACGMpw,430zq0knIPY,2-w1s8S3j9A,C2YAdYydFH4,VV-DgnPPhSo,No4Bi6mG1J8,Woman00188.wav,Man00257.wav
15,K8pjMUyqOOc,50gCCFjjY8s,-lRc3Oeei94,-Jguv1xOgoI,LAxCq-s84F8,-5f6hjZf9Yw,Woman01011.wav,Man00627.wav
16,wtpkAnyoeZ8,3ZDqlRN2xQI,5O3p_4BNNCs,3KoeDNYSvnA,kZBFQAQI7Pg,2z1elo4ucis,Woman00828.wav,Man00867.wav
17,79XjVmV0HZs,556NcpXy-JU,2wad5UngnTY,0aseylJSm6I,B7V_grbxflg,2I6pPRWKsCQ,Woman00142.wav,Man00722.wav
18,otfg1bYC8n0,6PK3yW2_xeI,Fvn_3tTQE9s,11dkkzyLhu8,THhptTKMr9U,ONfd_rHtL74,Woman00161.wav,Man00308.wav
19,0yFIuMaAXrU,9nZM7X3xmmU,-IX-I7XVCvA,5PiDGwmiBps,5aCDam9_Ps4,hj7VJnNq6A4,Woman00981.wav,Man00109.wav
20,9c5p3JJ40M8,20-dXlw8oXk,5PeOr1wDs94,4ntpQTH8Pk0,suX7Cri4kAo,3noh9LiQNrs,Woman00299.wav,Man00925.wav
21,xp0Ds3d58bU,QWVwQKG8B-s,3Yd1QYYB_sI,ABt-mfRoaz8,n_boIyhZqWc,qbexOeoH5hg,Woman00920.wav,Man00942.wav
22,EVPMKy8q1-w,upSJ6nOk5iA,10UdWNMgAZk,6wp9RhxqRbI,lFv1MJSSWNs,-6pcgdLfb_A,Woman00537.wav,Man00223.wav
23,c43dj0Amgng,AmNNcsa_OK8,0Xuk0kk194c,7o5OowyeQ0g,y_TnstfXeBQ,RmDfwz0OG8E,Woman00527.wav,Man00247.wav
24,GWymNAjnISU,vMu84J5XE2Y,6ev8OZMgfqY,24jAp2DyIqM,18mS4cLPOb8,eAFKjP7o1as,Woman00951.wav,Man00609.wav
25,GuIbie1fnes,YAhfipQ3cOQ,4ztDelr8LdA,6GduljB_Tok,tRA-5inwlMI,HpkPTa1fQDE,Woman00752.wav,Man00291.wav
26,YGybHHQa6x0,VanbF3EVhc4,73C0TpydlKc,2it6CbsRnUM,cTzJlLzN-xU,aO0QzRPiEC4,Woman00254.wav,Man00893.wav
27,JH_sRfsX0Ow,NRy5ZZ8y1N0,20ksMJO5f5k,-O1Wh6MiKYY,EsssGCL-Axw,c3T1gWSVp6c,Woman00303.wav,Man00296.wav
28,xMj4Ksw4EZs,7d_oVEzI7os,6XQqYVdFlPE,0uwcBw2IlV8,5qVc9y3TNnY,Y1ItBiA8nKU,Woman00841.wav,Man00945.wav
29,c4usfm_HiWM,Ny0xLqr4aKw,0OmpUtiUuDo,3g9zWMbdSUM,NC5tIv4-8fg,7cvqeU9Wh-I,Woman00392.wav,Man00910.wav
30,nafJDOrnASU,BH6fEqwHMkU,02QLgD9fva0,5dJqNoH45nA,vQcB6NI7cMo,dqJSTTS7HTY,Woman00982.wav,Man00477.wav
31,JPyNM3K7Zsg,1h4893C62M0,3i6fcm1kTvo,44gwwoUIgSU,mwqluX7sXXU,yFh6J72KnCM,Woman00329.wav,Man00817.wav
32,dzP_Jnbs4Qg,kSRKWP-nCkw,4I5Hj1_IoUg,6cIwmNXQyu0,zU4mwg-HHoQ,0x6chChxzV0,Woman00061.wav,Man00104.wav
33,0ZAV863ATOU,Qwl2euQZpIA,0zIloqDgk9s,68mXBsDCMZU,VswY2mI7Wbo,FteW_2gNtD4,Woman00365.wav,Man00254.wav
34,-ZVD1Y6XXGk,4yvImKgcJLo,0Rv2mYWij9w,2WLPSmjvqfQ,JmbrGzgxrJ4,4l441DdEJfU,Woman00361.wav,Man00912.wav
35,2BASEDwYDRA,-t03ktje7jE,6-21-X-mJmY,7ECHqhYvxCI,Gh4KBdcCU64,Le4aGNS8e0c,Woman00441.wav,Man00081.wav
36,GMy6xyuqlf4,C-mambp4FvU,6iDbDIQP2sQ,-oDQUndfR6I,9ZryMX2UtAo,Q789S_9JCio,Woman00687.wav,Man00924.wav
37,cGhyvGJS_3U,0OUlys-rLYs,5XxocckHpg8,-6kS7OGMk1k,xIdWJyhWueE,chfTjqlrFQQ,Woman00940.wav,Man00219.wav
38,qcP4iDPPVOg,dATn2AG7ijk,mSRvB31Fvd4,5Nz5oL3Xvrw,snJDZAnTMwQ,u0CgRmXMXNc,Woman00683.wav,Man00269.wav
39,D2_1d6Nt8qU,eKXShntabKw,45bhwukIBco,24zbodE5jyc,cS2gRhH6it4,afavVsmFWds,Woman00214.wav,Man00168.wav
40,54F98NkNUQY,12pYlP3Yg0Q,620RrgPpPY0,-0atYHAfGHA,-r7iz-9v9bA,mB2FAS0DNkk,Woman00652.wav,Man00759.wav
41,8Ru3lqNmuFs,4uDuFz4kP0E,eOOEQJY3W7s,7TZ44us7hks,2dyEnOo3yJ8,6OcoDIrbMtY,Woman00768.wav,Man00443.wav
42,h92DYAmIjSg,sMMDIwtbdas,0jqMEt3aNQA,1hzLdKlvpQg,p_dE26TA8ig,nT1YAP4Vy9s,Woman00548.wav,Man00341.wav
43,4rSIgRMjMqo,dqYzzLG-lO8,1TczY7BXOPg,4TkR667BV9I,nvrMO6TDu2g,7OgH3B49_E4,Woman00110.wav,Man00982.wav
44,Gr6VSc5sqpA,4HstJhW7zMc,15nDG6EhYM4,27Xvn2ZO1Fs,HHZGjS4g-w4,bTlp5Qr99RY,Woman00338.wav,Man00324.wav
45,hnT2Y1WDhB0,uNfut4_mcvM,1_M-FddnmL8,7OK8SOJbq0g,ADxuhHNZVCc,l6LUPlmua6I,Woman00073.wav,Man00304.wav
46,oPTmKZtAAtc,7k2SEirjd0Y,7C_y0zyZT8M,17Pb8ECWmTQ,U6aLiMIlqCc,08u-jdwjM74,Woman00268.wav,Man00393.wav
47,Yi1v0YlHdX4,5wwD-nrdpBU,1znyJRkNIzw,25VoFqv__2w,JUrYWttZJBM,URM1QgX5Ar4,Woman00177.wav,Man00399.wav
48,AWwfjFaaUgE,girRHKD6Cls,2nmRTVFg9PM,62ia7pDeQFk,wGievbsKUnk,k8AE-vqWbm4,Woman00012.wav,Man00589.wav
49,DY3ebi02JSM,KRvLebIrPD0,16BFwMqoCPQ,4HBcEXcBGk8,MKXeCiPtZwo,CHufyCHSF1U,Woman00104.wav,Man00902.wav
50,JDnM31XSJ6U,-mmQUFpUMBc,3yBCmLO2tEo,20PEs3NOBGM,FDYIdBZUl2Y,0bRUkLsttto,Woman00986.wav,Man00453.wav
51,AP-WiyXUt5s,WSCxlP1kfQg,4L8aEL7D1dc,1NhUJBBgdeo,S7TYAcOEPt4,9A_OmOetiuw,Woman00564.wav,Man00740.wav
52,0GTSnitfoS8,L33Fd4JTIhM,5kGsASMR3Vo,56_bE5_Ph6Q,0TiEO149Ydc,YcfGSJB1YvQ,Woman00415.wav,Man00063.wav
53,C4u7g0W9QmA,czxoVP9RYJk,0Mo9oUnsgDA,4G37r0RNixQ,H4rdJlSSt5Y,rS8oECcQBCk,Woman00547.wav,Man00694.wav
54,AqqAEnuFuJQ,76LVxyRRovM,2-q-zk6O5Zc,0uTl0zo_UFU,62L5kn1qFeY,I5KHYgtrVBw,Woman00289.wav,Man00380.wav
55,oYwntZEMolo,xp1wWcq-OR4,6tgBAuZMaUA,6vKJ4OsIgMw,fH9CY48sfJY,WySgNm8qH-I,Woman00139.wav,Man00495.wav
56,yVhoEQ36MmE,VB7ulnB3KkM,DJE2eD7PjY0,64CdRx6Tqag,eWwWwoQLtVg,Zy_YSROQmlE,Woman00463.wav,Man00392.wav
57,i8RfN20PoIc,B7w_7cFwQLc,TBfwoIFQELA,4laTs3DHDgM,MVAXHT67Na4,AOgbZUl0y0A,Woman00267.wav,Man00058.wav
58,qbEhpPxkIM8,0OzwOMjZhWw,17vFiTaPqXk,765hdZ1CnFA,t9aSL2MwEDM,Tvwi_YuLehk,Woman00032.wav,Man00025.wav
59,tZ36uXmahiw,CAT5h0dqt2k,7Na9uJ02V6E,3RnUwRYtypQ,7Msk_hkz6zk,eyY6f4iQDH4,Woman00542.wav,Man00032.wav
60,IxtjeENm0js,NILZ_N1Q1Ek,3Ylgx3hlRH4,-xLlPTSdPD0,2-K-7T8ZIWA,PfO7ZVdzfZ4,Woman00544.wav,Man00903.wav
61,9yWmZ0cmf8M,0VGRhxCkdFU,zHYU0lPO3VY,4q3hw-E6IFY,3m4QSVVBMss,UcNVLU-cRNg,Woman00079.wav,Man00441.wav
62,AJTM04kGxv0,qnqd8exVUZo,5BhC9T2N3Ik,-VnuMccCYuw,VTOf24hbq0A,dvDSgmqbrM0,Woman00947.wav,Man00012.wav
63,2hBAb1haPXA,WUoXPnHr7uc,5m1XqgTGPpo,5VM2NfQD6yQ,20Vh6z6Ie0E,mnSP_ONVS7k,Woman00056.wav,Man00671.wav
64,XhkExVuGU8g,DcBCtNZr5WA,0TLqXXjd-lc,34eiKiEOKN0,CN2QSmhP-HI,5jQIuYPAODg,Woman00025.wav,Man00835.wav
65,jeJGWneS9mU,2p4l3mRciUs,-GNTXQlgTew,2dsXlFM9z2E,BaMBwXQwK3g,I1fcUe9MoMw,Woman00776.wav,Man00496.wav
66,O3eEt4YmKxo,F4DSpgvaSjE,-RrLiuUJN98,-zUo9LWhSfI,w-YAUcPl-HU,NjoKxRwQxCE,Woman00451.wav,Man00556.wav
67,ACj8_gN1zO0,3LM4L50RiGQ,3lgJDngNY4M,21N6-YWbAwM,UIOnnpaqBy8,NsR60ehkHGA,Woman00298.wav,Man00209.wav
68,D6cSU_C6pC4,7ybuxnrQI5Q,0Myyk3V5d_Q,4QmtVEkyGro,2ZYzviKuq9w,GkB_BkyVyPs,Woman00316.wav,Man00514.wav
69,3cJjFfFHr9w,4-AueneNR1I,0NBQZHUW7CA,2eaSZM1AQBA,GHQlBD-6rkA,CAL5CgkKkR4,Woman00171.wav,Man00965.wav
70,EOZCOSCFEVI,3YP4gKlus7A,0J4recCjBTg,2nXAZYtNaoE,8rCYRgePG-4,Bgsy5UpXx8I,Woman00444.wav,Man00115.wav
71,PATsVuzpJDk,5dAkrhwwGAc,5AAwOsKR6K0,5PvQLagm0ZI,4W8BYc8ZMaE,vjW8wmF5VWc,Woman00604.wav,Man00228.wav
72,a4kRYsRGSDE,zJvdcyEK2So,7HA21WpT01Q,0mxckNY_zj4,VG6-MlmCgzI,Yt1czlnCUCg,Woman00647.wav,Man00948.wav
73,ONKW4gO74-k,WQ2PFoHptK8,0gCTTtS39g0,7J2zL6k1mpw,kvIt_9P79Ro,BDH7Fx1APR8,Woman00491.wav,Man00184.wav
74,JsnyaymBHRw,-ouQQtihyXs,--m3t1aj-Kw,3tcOveFZtmA,FxpV97ILuSo,95ThRxhl-ug,Woman00706.wav,Man00742.wav
75,4v0vv6ujNCw,sCeE8Fdoaxk,3iM9djHGNlM,-g3IkryXjpA,pR87Ts3a0e8,5xAzHL8Zlcs,Woman00290.wav,Man00904.wav
76,mKMaxJhgVe4,T3WewdLTNT4,2K7Ab5nUTRE,3A7QrsKD0Rw,H4tyvJJzSDk,pnh_C1w4yGc,Woman00932.wav,Man00958.wav
77,sgYGenlbsfI,DByW9JuyRn8,1FLeEBURdeY,5vkQ3-N6h8A,2cxs73i3l1M,hhU78ykPr5w,Woman00926.wav,Man00405.wav
78,98BqmeKg4h0,DOHswGRbLpI,66u1IIxQjfg,2sSiN4RIyYY,9DCJTAzUwNc,wxKtBDKasgM,Woman00434.wav,Man00043.wav
79,C4QTlsnAn_s,xuVJANaCv1k,5uS2vZJ79hA,4KY8Rcp_Z-A,hFqZZrj0rnM,AkbCw7oVkw0,Woman00915.wav,Man00856.wav
80,yd-tN16ABi8,DytZHEBZDNM,bApZuWFapyg,275YOvS8ZJ0,2OI4QeokeRQ,YKQMolFL2Rs,Woman00309.wav,Man00794.wav
81,GG0cFULRepQ,35s1Z0_Hxdg,5OFkfmI0zmE,2Yo_-mDDS3U,x1S2oreZBWU,KxZ0yDfyaJw,Woman00987.wav,Man00361.wav
82,SXMb-n8VdcA,qKoRE7mUip8,0NgzgoguHu4,3B9EhVDY5TE,-4NLarMj4xU,ByF0pp-dVEo,Woman00041.wav,Man00070.wav
83,2k9nn7LmFzc,-25tHMOOS6s,1vMuTEipRY4,24EtUDzupBw,OKZF0oG1E14,1bSP4wLfMpA,Woman00678.wav,Man00287.wav
84,A740Sd27DU8,7M4yxNIfCBU,4OGILXuDTnI,5ZpMWcNAY8M,DY7ko7iQCug,yIFP8fkq8GU,Woman00803.wav,Man00071.wav
85,8xfQ_MUnsho,-ceSLNoRys0,2rEZYNfstPU,6uhnWXYEWco,ow7xqVk8Wjs,kka6zUtE3h8,Woman00905.wav,Man00933.wav
86,GtsZuxS8ZMU,utLe-Okv_5g,7JdVXrpN_DM,9nTSzqDTXBU,r1W1z_31Obw,C7WAx3n57Hk,Woman00068.wav,Man00450.wav
87,qJsLqDqgFRA,EPTp2s42ZK8,0s_QAaFZkno,NBmPLW7l5UY,2zrPFxxT1VM,eZrrzGgTpfk,Woman00454.wav,Man00756.wav
88,uF3BEt7pLFY,DlMc3Z4CeQY,2lXdtPBOrv0,5zE1aV7GWtE,mBRr_TqLDf4,wR7n4Gg-_ac,Woman00069.wav,Man00306.wav
89,0yVFLPbxUXM,BHjwtSGs5PM,7-8w3YCO7NI,4WvwNZ5WlVg,k4kbpRRRgcQ,gsBXngKgy-Q,Woman00342.wav,Man00635.wav
90,6UGX-r3SK8k,gf6pdaUgY_A,5TKKBzNz2VU,-3dn9BC7NX0,gHWMKew9Xq0,BRTHyoVgZT0,Woman00843.wav,Man00503.wav
91,6zTRHGUCh2w,4E2F4kuoZxE,1RfY2hbFUPo,5bET5z5y0iw,pz8P96myUZk,9oiSwXk8Nsk,Woman00459.wav,Man00842.wav
92,m7el4VmwO7E,5-idCy2A83I,9ok-wZAOMx0,4whV2kUSwHU,6N1LWG4aztA,_GjHL0FkYoY,Woman00514.wav,Man00571.wav
93,wZmzDStUXZU,ZiQ1nfUVpk0,-tDa4Jdsifw,wCghptm2Cog,J1gZRam89EE,DW7Qe-50X_A,Woman00261.wav,Man00435.wav
94,9HVUSYlXLG4,Qhmmt7E3rac,194x4ca2-ek,0Kwf6Y65gbY,fgCTFyzKQtk,ATDi-irUEWc,Woman00686.wav,Man00947.wav
95,ogUUcVyO8xc,fE57mAr9a4E,0dJGBEKm3LY,1MD5HPh1KRQ,nnc6m1pBJ4c,CM2rKZmcR0I,Woman00723.wav,Man00322.wav
96,I4Ay40PPtsY,BeRkbHpEO3Q,xqEDU_unyh8,15K0QS0TNNE,XI9CNsX6JSE,q7sK_xrJz-k,Woman00555.wav,Man00194.wav
97,rmZZnQLkJnY,1Pde82OWf-8,0iRr5WVFIeE,0H3KKjmvVog,YZH-PZBir3E,3XRjrSOVBnQ,Woman00221.wav,Man00342.wav
98,ktn_Dj24b94,4Bx8S5IBqUE,3LBn3tHuNkg,4QhwErEf9Ro,liuCTk2nPG8,V5HMIxuAtv8,Woman00452.wav,Man00096.wav
99,vH8fZ-IBy8s,x4J03jvYlgk,5STnTF6VSYc,YZ9yJI1ZS-Q,p7VmMa6cpSo,ZK3bYlekfm0,Woman00835.wav,Man00067.wav
100,CLqsQL5zHaA,4nY86mAriKk,5iKJBja6p8I,Xpr64mhjoa0,qfwTbBprDVU,WgZ8KAnnTb8,Woman00934.wav,Man00857.wav
101,5YAbC9yuk_Y,s4X0Kyr3SyA,-4b_63bTY84,396QYYdgJq4,Fm6ss1PBC1Q,ax8hXst_b5g,Woman00705.wav,Man00590.wav
102,irEHwVEOI_A,Xz_HR7Hk954,5KeMdzohWW8,3JLbAXsG_9o,OjoDuBkPDM8,nJ3tuDmcdTs,Woman00520.wav,Man00225.wav
103,8mHwIle6WQY,BiJobxhS2q4,-bbMizhZjBY,00MEQBZQnH0,BdhaR2QUGqY,4lcZkOMhKv8,Woman00091.wav,Man00630.wav
104,DoLsrSYhA34,kf2Cs1qKYgY,3DIdOwOKeHE,3B6Zu5kEiMM,opu2tXoVNKU,YDh36ZdneAU,Woman00065.wav,Man00526.wav
105,ADIOYSOswNQ,_YTSGAsJyD0,5BYLeGX7yhg,1SzAncvNroc,6jZ8VNANHwM,ADffHhHMtjU,Woman00858.wav,Man00300.wav
106,31FoIjI0nUE,anZinFYxzjA,1cxjwuwUiTg,0N3IrgWjdm4,azyNUtTHvaE,vEMNk-lbGTE,Woman00319.wav,Man00388.wav
107,SgBgtsxHhEM,vXhqXBrnv50,1rW_fQ2pAXY,2mpwCrLrqPs,oZF73R89bk0,4zZiWBp0b08,Woman00556.wav,Man00914.wav
108,6LmuZcdP-0c,FgQTh6xt-D4,6NKXiyKxwz4,6345KFpRuy0,vYP60jdTupc,bqPCtwibgPg,Woman00750.wav,Man00995.wav
109,T6RuGo9kfr4,3PgyAVcljJg,0Jme9fmMbCM,-47RQghkZ8s,5rsQHo-6DI4,fQiSoVDFRjo,Woman00369.wav,Man00971.wav
110,CbKg6R4FwZI,4SPTWQ_DueI,5D-U-D3tRqI,3yrbDyykVcw,CKkbZCb9Y18,AFWy1qyyMHE,Woman00990.wav,Man00807.wav
111,QrCgptG8kRk,ekbFdkpSFKI,4885yprDlBM,00Z7Gnwk4II,v6A7Iggebm4,1KN3GrwhY8c,Woman00112.wav,Man00436.wav
112,Rl3znkNoNvk,Bs9FNwWEeAc,22B_xs-iUXQ,6Css2IddvGY,jtwRKyQ8-lg,_2P_EJsnBls,Woman00436.wav,Man00714.wav
113,P4ErLGXvCvg,08sj1uQuYts,6b8s4izloHw,0LI5OTfErqo,kH-F9JzC7eE,KfAq7kxHjPk,Woman00460.wav,Man01021.wav
114,YedE8K6EfBk,nwEkhvUErao,1AAJZLZfWBU,-BI0ScQVgOM,YddV91xnUz4,vEN9szBPBkw,Woman00244.wav,Man00319.wav
115,f8neagu5wBA,4eBE0LLVVT4,6lSthRzidX0,5o0ATfH_4Xc,Guu30szkA-0,Pln4GLIMqKY,Woman00913.wav,Man00094.wav
116,JRSnYhFBcoA,RNyBSBLa5iI,0I67rZNqdWU,2QObYAKvF6c,BVt8RgNrwbQ,eBF0zRHCbZE,Woman00739.wav,Man00750.wav
117,BOxWixQ4nE0,IdI5sEKGWtE,3JcMZriTqys,-zQBFQ99tgU,3rvqiSZB4pA,CzMNiypg1I8,Woman01000.wav,Man00776.wav
118,sRNILhT-i-o,0JdVacoORpU,0hri2if2cig,-YaPZovdUoU,w9EGDo9Yybc,qI-Ji4gtBPM,Woman00996.wav,Man00320.wav
119,d5NgWFckX9c,inyWn5C5ljk,4Oun5zhFgoo,4T5ICK5zzJo,J4tjy-0CNm4,qRCjs90-1RQ,Woman00903.wav,Man00551.wav
120,imPfqqKkzlA,SAroxuA25jY,2EpB7lWEly4,w3tnERF28ZA,v0tYHz5mk4I,yMEMzSFbZ2s,Woman00612.wav,Man00145.wav
121,Kf7A13aDsu8,3ynLgFetJbU,KzE3xxPBf6A,2wlIZEM2MS8,16F5fdORzSo,YK1AEw1kf28,Woman00416.wav,Man00984.wav
122,2nF6fL0h0qM,0BV2NBQzQ5A,4CVZxvon_dQ,1bQ84iU2pxk,zmbwvsdXlBU,_RLsXrr0fQo,Woman00991.wav,Man01026.wav
123,6h38BCFGtj8,DMCK2F_vWKo,7560lixWLMI,3XW0QcyNQPI,qOSdHmfwLF4,yzjbAxCnt7U,Woman01022.wav,Man00747.wav
124,Yxwmo0opBUA,4NkSDpODJjo,6xq_CNHfEk4,3_cDfjYTHaM,nJaezskegdc,75_dMqpSM4o,Woman00301.wav,Man00271.wav
125,NyKJ3AoUTLA,acwslDnfdGM,1BbgpMfKcA8,4xhOJZZBO_A,lXrypwLQO3U,WxgolzWTmO4,Woman00089.wav,Man00560.wav
126,QSUnKYEh8BM,xEAq0YItNy8,5nlbvAO9_lA,-Y8v14MTOtw,gMgN50wSnNc,hwe6y-jSqdQ,Woman00507.wav,Man00178.wav
127,8h-SHN2PM9g,5RSaBoDl_9k,qx7sQ66T_uU,Oqm4SBZbzBM,HfzEa06vDLg,ihJT65fZaHY,Woman00511.wav,Man00811.wav
128,KxISkQ1VJew,SX6lDsGKGs4,6WrRFWaJ7Ss,2T_FDKtP6e8,zRpPf62Zvto,MPe6ztPtF0Y,Woman00328.wav,Man00459.wav
129,kqR04GMzOkU,2hVYLo6dcoc,D7-f8QQA-q4,IFMMQYpHc2I,KPnIFb7T7VM,cTJqIkSuf6s,Woman00422.wav,Man00149.wav
130,-9BXvWo46Zw,49_DR4k6gLw,17MiHzxhgoM,2B5-uiCEZBo,jcZQhxb5lyw,D6xrH93lnoc,Woman00830.wav,Man00702.wav
131,O8hL_qre4MY,4IRvD_gtXUc,1y1GfMB3xYI,0BKRfpU8jQ0,g0scnRzoo9M,5h5NdW6cYY0,Woman00722.wav,Man00681.wav
132,Z1WDQv0KsDA,g90aBH7nDEA,2PNVsLgEt0w,-8qoY24z_58,vK9x7UQ9Y7k,zSGWoXDFM64,Woman00935.wav,Man00880.wav
133,-rL7UizKiGQ,olZa2vOpbD4,0-gJKU8BwgQ,0U8gi1WvAeQ,I5mESbabhZY,sUjAb0SfppQ,Woman00256.wav,Man00531.wav
134,AzOcDuWeHhM,-8RuvUaOmz4,4VT3AeKFXug,1DYSOMGU-I8,eiUjc4UPnSs,ZkfKOLp5SxU,Woman00539.wav,Man01032.wav
135,A44folsg-Ec,bMhLmKAJlxY,4MoQ6dEl-GY,6RXD3ceWIOM,pOZWVSiRwv4,Utl5it7YMUs,Woman00911.wav,Man00546.wav
136,EpDkbtCfP0w,H2oGehx_E00,1SGiQsem9Mk,1Ljf-wUC8Mk,CzHZNJEV-3o,5i0zq91Ocz0,Woman00496.wav,Man00059.wav
137,JDjPRyhTy8o,r5L_YtNrluw,3qbBsin8lgE,6AxxUTc50C8,7-mNJ4IUY5Q,_43OOP6UEw0,Woman00356.wav,Man00128.wav
138,F3sFDujZe_I,-NDJFBkCwTU,2RZaOS8lCRQ,Br2L2q9-yCM,jWQu301CEp8,W4eLgBYEEqA,Woman00203.wav,Man00543.wav
139,U3aESY12AyM,2s03RkwH8Mw,5hXxuAvbh_A,-6O-MybzRHk,Q_3GACs__Xs,cBd0yZ27dtA,Woman00629.wav,Man00027.wav
140,-AoetbxSVpU,GIxfFO7y33Y,-l3AqF0GZzI,6WDYOjO-f80,VJ1RqPqF9O4,YZvv4hOlNqw,Woman01034.wav,Man00076.wav
141,2JhpopjcJS0,8LQZ1NDH2LI,4y-0BTPqtcc,1nlCiXb96M4,AElgGuUSSKE,5jT_i7S9QSM,Woman00371.wav,Man00048.wav
142,nvstEBlxUtM,9ZMmbSonhqQ,1Kqyled4p_A,2Ml3bD_XPAk,_h2rFVPCSPE,IqV9wp0IeAo,Woman01032.wav,Man00259.wav
143,xjEnG-IQT1w,ZSD7yqtfhjs,0hTQRcVM860,2IVRHZ5Yhoo,16TsDMjHzYU,Simd4JoehW8,Woman00550.wav,Man00415.wav
144,9MdMwY9_AiY,uDCsTxLq7vg,5lFVN-EOOeE,6GkCJhZG4Io,YLlbLSNxdQ4,pHFHsubQVpg,Woman00057.wav,Man00870.wav
145,NdiPXrwv9sI,7Cbp0tP2odM,5jI6Hrxo4ZE,-8ZL3tBNLoA,4X2aUZFZlzc,zfkPKRn8ah8,Woman00123.wav,Man00721.wav
146,LIZLgIFV3Jk,7S1MgvQcB8M,3dtmmr5CY7Q,6Ggy-17lOF0,7nrOZXbpXBo,e_W17jp40G4,Woman00661.wav,Man00941.wav
147,GmszNtz3fVE,0Mk96zcUQp8,75X-N-whJYA,-9wo95HMngI,8fibq2VXibw,OpWCljke4oQ,Woman00027.wav,Man00208.wav
148,POC1XicUo9E,CgFimvxIzz8,5AeSE9pOl5Y,1i_KB7s0gcE,0DizopdPMBw,vvfs2TUj-D4,Woman00075.wav,Man00555.wav
149,F2csufaGX2A,mfPL29k0Hic,2sV48eBWy9Y,4A8vAs011X0,AdxKsUW2mAo,SYVcaQ1Bzu8,Woman00046.wav,Man00365.wav
150,fyrU9Pz8k6Y,2NZTN9T72Tw,22IlmN1R28o,-TFxatq3IrI,6u1ckcErgcQ,VfARCp38XtA,Woman00530.wav,Man00333.wav
151,3wlqoi8rrb0,1nSUvZlLMt8,0QPyiO-wy5w,FlsX04ya0iU,yZNgqVInQGw,r9AxQfXYLEs,Woman00562.wav,Man00664.wav
152,CuLrP2f3akI,rsc1-Cnpzjo,2Mgx1rH1tqA,1Md6t7yIZxM,2G4lyzAZ1vk,BEhIGoq9tow,Woman00864.wav,Man00939.wav
153,D2_Y8JRzWwI,8MN7DFw-owg,4rk_Sf_T-XE,-Z4M61HzuZI,5LX2Unga1p4,ALcCb2HJmG8,Woman00315.wav,Man00245.wav
154,piy34xrGEts,2b7tG8rob-o,E9KBGwajrw4,3FCGyw1lG9k,BEEknOFrVdU,ryEXhKy1QUI,Woman00405.wav,Man00594.wav
155,1vBrnwzTE-U,fmEft49sPfE,0YkmZb5c0eA,44GQKwaWTVw,iBezxlI_f_c,k6F3gc8f8kI,Woman00202.wav,Man00974.wav
156,5VweN5MDLl8,J5IdU_DCYLU,6KvQEovLwYM,2eoz_HkiIBw,zGBKakEGSyc,uiHyWdYkBvY,Woman00263.wav,Man00968.wav
157,WqK-XlzSXQA,HtqQ6GFDbjw,-V3cA9yzJho,5p75PfG41IA,xl4FJzeU0YA,iFWtsT5zRKo,Woman00373.wav,Man00930.wav
158,im-MDYNkQnU,z_PRYNSs5TI,0R03FfHsGps,1G38UXfFX4Y,1ToIyrmWFjw,6UJhTZgnVro,Woman00341.wav,Man00309.wav
159,A8q5ZSf1UIM,6msuefYTO-U,5FXDs-KjnQg,7KdgTx1yzpo,4PNPgaLKFlc,THfTLXBLpJE,Woman00670.wav,Man00064.wav
160,OMFDLnBcM4c,N8mXr2Cbejk,7Ft4sKeN-VE,2ieDrRxCY0Q,Nep_3Y81E_w,5s0yPPrQWxs,Woman00393.wav,Man00337.wav
161,tX2Ci5qgsVg,-TdrrJlti2c,78Bt4lB6QNs,1uZnxAntxag,t8SLY7xn7Sc,mOn13E68Td0,Woman00615.wav,Man00955.wav
162,QlTtQdDpWbI,19tT_OgQT4k,6EYyk3asK-k,0fMXAJw9-dg,Hij_QxDkIJI,tc7crRl2JqA,Woman00391.wav,Man00615.wav
163,wOC8GhXGRQM,-4eyOzupAvA,67x7crxeuBU,SEUm4N5A8zs,y_lfY0uzmr0,gjujPd1lP8E,Woman00975.wav,Man00458.wav
164,jEa5q_TCf44,a-wvCVEEVTo,5fVahy3FowU,3tgBm1tJmqs,f3l6KnC8930,5QtjEBcZR6M,Woman00333.wav,Man00852.wav
165,KjKOHw_XwP8,9XsPm0xcSgw,NHOQYHqCQHg,5Y9ZkePCQ8w,60OIHit4Q-M,sC7T0sEG6ek,Woman00925.wav,Man00665.wav
166,OOmPp2Toqo4,-YeJKVIcPGw,-_pTlr46DvY,2c6F4QBvhCk,5iPTcL50mvw,P1Vxm_ICSG0,Woman00317.wav,Man00612.wav
167,7Ocp1AF7niY,0nwvvx5RRI8,3HV7M4sP6tE,0XuMgq2XZJE,HdRPdh-cSTw,EremEyLrdUY,Woman00062.wav,Man00557.wav
168,ESOu5e09YMU,Kudw0hNwr7U,KwBB3CGtiC0,1ym5GX8FhE0,bkYWnzw_5Bs,usrzF-0GbLY,Woman00643.wav,Man00805.wav
169,01VfNWBAK0I,6ao7KX1pJCw,ZmYb8XVgAyE,5WRDVktEqPE,kAAGkKPVgZ8,sfmAeijj5cM,Woman00846.wav,Man00315.wav
170,yvDATfufDCE,g3E6-QcY_6Q,2s0khzfN2Pc,2fBPh7JnKgk,kjn6I3AurgE,mpymEs4Mcw8,Woman00620.wav,Man00328.wav
171,j703BTNO-60,9V2BDuYkaOE,5MkqX9J7-oU,-vqSxMHqy2I,uAgizG1hYw0,FENJIDecy5s,Woman00741.wav,Man00781.wav
172,eqWyBPqrImA,7RvCsPhtJfA,3VQQ7Qa_UYQ,6VySI1cqR0w,zbCqre50eLM,qie2k2gZ7wA,Woman00761.wav,Man00507.wav
173,PjYzuei_Pvg,-2Lu0SNCewQ,_2RpOkp2kD0,-B8a7An5Rqs,i70a79YhlMk,pCW5ab3SNcQ,Woman00614.wav,Man00275.wav
174,z_wYYnxAMJo,SPezfHvNlPo,46nsBVYcN-8,2wA6jZtOwZg,oZScu7DU5qk,4tF0Lt9VEp8,Woman00617.wav,Man00118.wav
175,6Se3TopoAqc,chzU_5BIcAA,1L8btIjVnpg,0-OIEIYxqd4,v88cAXP03As,wgIf0FX6WzI,Woman00462.wav,Man00710.wav
176,1APWP5AI4yo,-Yus8Ut2fUE,62XrOznv0yM,6tVcUEcVb7o,A0XXmVts1y0,giPa2vVEyVc,Woman01015.wav,Man00969.wav
177,DIGMegi9Uhs,875HnFhDSpg,6R_EUrm4c4w,-Vo6NfnF_FM,YWf3I4jKusI,LgKOnHwaCmg,Woman00992.wav,Man00540.wav
178,biJs7XXQuVw,6MPhLxe7cGA,6GW77rqGw4c,084qs8iSI20,sJzb2AhqkSg,4PGzlwvXMnE,Woman00286.wav,Man00266.wav
179,djwtgG9VFr0,X1CedVJMcr8,56GTq57awC0,4U_csQUCcow,0_hH79HnEdo,ot6SpwD1hzk,Woman00251.wav,Man00270.wav
180,6o5uTV2cqMU,9RDuFxuNkjI,2o9mFmfJLpY,1ZXJg5dJihM,Bl-lCgr5hGY,ZoAfkpmztww,Woman00478.wav,Man00649.wav
181,65me0Xyv79c,zy5BNm-EnIo,4rUuFCGJiTo,0HSBmrGV8XA,CgK0DU3KFBc,2bCuw7U_Rac,Woman00769.wav,Man00846.wav
182,BynET7JF52s,5lgHVr4_lJM,41s9LYgsrkI,1T8rJCOIvCA,5gyMt0YzPQ0,ftKCLRd9_no,Woman00113.wav,Man00440.wav
183,EwlsJzRr9Q4,38vG-5AbCtA,79IMN9YVx0Q,5-uJQd_ycic,dalyCstquy8,pLqa0cqsICA,Woman00493.wav,Man00645.wav
184,zJRWyXo-f8s,9juU4zwoPks,-7UbIGSWUGs,08CUk7MQ7-Y,Uxyu3XwXEV8,YAVVMxqtxGE,Woman00513.wav,Man00391.wav
185,Art8wTJOMxk,ZgRJBUs8p4A,6ajqO8I4fdE,0gL5IEBDuH0,lOIzOWKd47E,_b5n-mny1lM,Woman00638.wav,Man00444.wav
186,-Stm1mHROCY,clw27T60uis,7HKhF8JMsHM,2ijBVb7AJA4,ZLxhZcS3Ppw,3Xoz87_SUdw,Woman00499.wav,Man00754.wav
187,CnJ7JRPVS0M,noQnwW-hkGo,1rExPp_C_z0,529Yo3JRgec,ETl0hYRlVmg,e1PG31QlQmc,Woman00963.wav,Man00146.wav
188,CcsSC4pLAMM,QayeAcHLP3k,0LOQEd5GYPI,-1gyUUFu5aA,qjH068GOmQ4,5nJr7iar6ZM,Woman00559.wav,Man00367.wav
189,hRvGPsva138,4tgBLCfrAA8,4wY1LOP6-is,5q0_r_3K2FQ,gNpzuFPu6q8,MM0seezR2F4,Woman00759.wav,Man00541.wav
190,CKYS-fldJpQ,-6QX3C0u2qI,6S43d2Kb_jo,6o1z98BEw4k,UsHtZ7Bzi0s,BeFjxrUwAC4,Woman00757.wav,Man00231.wav
191,HKpQ85g0Tw8,flOF1S5kcPY,05-up_opIdc,6s98hR356cE,dbenNuhAW_I,6YXjJ6ABnZU,Woman00650.wav,Man00777.wav
192,RoQgMsKGZbM,yHoA3ZZcC0k,-LtnQhMG--o,09ZnJL7_EaM,1JqNiV03kog,2umjh27MkjU,Woman00399.wav,Man00610.wav
193,8dkVfZKiWs0,JeuAmAMHqgw,6GW655-P8R8,2Ji5896vft8,2YQPwRLB1s0,nc6h6rC3wdk,Woman00307.wav,Man00572.wav
194,nKWYQZ90x6Y,ju04mCsa_Hw,-Z99ulqh10o,1j1CEJ8g57E,mQ1E8rx2dnI,yO7MWuJ7zLA,Woman00755.wav,Man00373.wav
195,UauZ9rFmI5A,4ZoemLdJBio,21vo-1B8g08,3WvDFDxYKoY,K9zE9x2ccJk,EPvnkbo5wrI,Woman00140.wav,Man00538.wav
196,9lDOklgmu8s,j59aM16p_po,4koa6vssoSA,2oqWn0WIp9w,pqsU95TNNP8,LzSWdj4izHM,Woman00375.wav,Man00218.wav
197,YbLi9HS2ff0,S32yk3hRYZ8,-IZLK6bGOaQ,3R9NgQTejzc,UDS6PrY9ZIM,OM04OFjNPGw,Woman00811.wav,Man00422.wav
198,oTyH2PRssNQ,ADG-n-yjqr0,42PP6zHNAgA,BGd1Jr4SsXA,LWHUat2fo9w,on18CWdmxn8,Woman00480.wav,Man00344.wav
199,1yKyj281xQc,-O6Y4V8QA8U,4g2N5GTClJw,0Oq66p2y_Ik,W00eTCOgUNs,dMAp3dvs3kE,Woman00777.wav,Man00220.wav
200,QT1Ruf_olOA,14S_r3opEFY,6N2gq4JmZ-c,wQ5gDDWS-7M,ba5xPgcHN_0,bLjOJRg2P_Q,Woman00621.wav,Man00360.wav
201,uDwkiKdc5g8,JgK7iC7q-_A,uBwN3k4Ourk,InlWzugfsOY,dSs4xfvATjc,Fsm-xDmyFKg,Woman00801.wav,Man00084.wav
202,AFflFlQ4prw,0FLWL2uj3ws,3JftE9ZFwv8,6TUo6RXg4tY,ucSF9NIxK8A,TObYoD2pGb0,Woman00216.wav,Man00031.wav
203,oF4Ipsd6pIk,bhNTiOMubjg,5FXLU7ognI0,-kDnZg6ilSo,emDU4QvdwVk,GUwBLItoJXk,Woman00215.wav,Man00290.wav
204,7S0ruvRSZWg,7FEpTq1yVgI,N7Fw_gi5ZW0,2WODKSKo940,svNayU6q3Dg,8ynjAtF5VnA,Woman00971.wav,Man00599.wav
205,X6fuQcnvhkg,ts32pP6deic,7O5V8Qto9cQ,4nnTuoo3ZYA,tV2m7HFJprU,52GYcHTcCgs,Woman00431.wav,Man00773.wav
206,LV4jmo7bfUA,K_MrwzQQJkA,-thZTRNgdfE,4oUupoDNjgk,q7s7C4oNlFo,GOujNXEtDmg,Woman00352.wav,Man00801.wav
207,EcqHs-Deau4,uJRYdrFbm9w,6NFa_51gXfk,2ZpktPYjzTA,qrzNABqN420,pWHkmo9Kn8g,Woman00224.wav,Man00299.wav
208,7e_SgrZo2nU,H3TdvVyFcRA,52WOzWr0EiM,3li5nSoU1F4,9nVpyqfyBSE,KiFQFxJphjI,Woman00805.wav,Man00175.wav
209,nek_z8tC5I0,6mHxCcCtz6E,bjsMyxINvNI,lG_QZazQwJo,VCusyLPrFCo,8Y0FRjkX9xI,Woman00081.wav,Man00619.wav
210,wtFi2FlsjfM,z1pWfrHfh7o,45vC_rTxPlY,3q1bBmJLxSA,zgI-Lr6Pbcs,dW4eW0Xreik,Woman00031.wav,Man00897.wav
211,cOfFUhHBuuc,7jac_kCcOPs,1VeWhSDft7Q,6kcg2VdMZio,z2kTJ6pQ4Uo,DysXetu2I0E,Woman00543.wav,Man00739.wav
212,WSB_f5WrtNU,YrtszeK0ooY,kz-Z9Nuiu-U,-r6yxnXaMXU,C8VECv8kicU,T0OFKHj6878,Woman00320.wav,Man00069.wav
213,XX__EX2bOyI,Y4ffTkLJHuk,0dJeeXE7gJM,J927Cfk21N0,PqN7aT4dVN4,3KdyWJ6wTOw,Woman00242.wav,Man00151.wav
214,qBWrthgTvE4,Z3lG3_pDF5A,4g3eTt_kVP8,3bgdzMSw_ic,BscoQHJrNm8,1YPYQP6yupA,Woman00714.wav,Man00285.wav
215,1q5fJHQQXlo,CaRd7rbZeMw,-eg3rbCUotM,-jLi-77yJ7M,_n9boKzVRhs,BhJa0kTUdGY,Woman00724.wav,Man00858.wav
216,sOIZHRtgaRE,5BrXmMT-KOI,1SuEn5YXZp4,6HRCq2h3l9U,sU08gu2zJ4c,u0lm58cet1g,Woman00168.wav,Man00670.wav
217,fDYjGir5znc,mb0ZivnCVj4,0c9GXDn_ueg,38Qe1ram6fo,NLQts9t7d8k,7y9RfZXJZsk,Woman00583.wav,Man00478.wav
218,akuZwb-RL0Q,32uEeCEV0MU,6fKq9B0ErdY,1vYCK_x9qDs,zGONTDY_rNM,Uc_1PzGr5xw,Woman00956.wav,Man00685.wav
219,pa8ZfEgFLfk,1aCSRbVLQsA,6dGxzxwed7I,20qQSvMC2Hw,uNUx8rqcy0M,PnJx0uLJ_oE,Woman00546.wav,Man00329.wav
220,qI6h0n86oak,eARYkXZ_5RA,1psSoNPC_Ig,2iPzMb2tjW0,At5v5ZZQHmw,nyLpME6YH20,Woman00067.wav,Man00409.wav
221,SIkvB0V6ZLQ,P7RKU5DIlkU,4s_P2cujmRM,-Im2WIs0yc8,ZbdmiykoJm8,H6qzijVEqZQ,Woman00144.wav,Man00316.wav
222,r4QTdTzImbI,ACYOIyo-mv8,51JXYDPAfSM,5qgTL9mvX3A,WditOomsdRU,5ZX9Ig7XXsw,Woman00272.wav,Man00317.wav
223,nInMkI3FRSc,24Bwjy8rHSs,39zOM1J6Z7U,iUJcDOdKUN8,XalMIYYgHt0,UHvYrO1IGCc,Woman00906.wav,Man00851.wav
224,19rdKfXEYeQ,92Q19_vhxDE,1HJfwanmZ5Y,-wQt-Vl3NoU,PQrYV7hJWDg,i_d4JFg-zT0,Woman00497.wav,Man00343.wav
225,3kMLZrzGmiw,A7-ZM8viNS0,2NAuutyqFps,55_nHLs1Mfo,ar4YQ_DOcyk,4GlH0-KhInI,Woman00331.wav,Man00053.wav
226,VI17evdc02I,MKdV4N_VDAU,30E91O1BbaI,4GSgIsRTXOY,j4A1ObGurUk,lwQVcLxFBIQ,Woman00691.wav,Man00848.wav
227,091DDL2j3-I,-w9h7gBj2I4,3GRQF9kOxmY,vWTmhGDBE7M,J0t4VMnXDNM,9zmQwBUFwd4,Woman00266.wav,Man00004.wav
228,x9e-qvUkGXU,suf7qbVxNaA,6NVOk3RNEng,3vR6QKjpXuA,sIA-IuTI7AY,0M7nETLOsKQ,Woman00475.wav,Man00561.wav
229,crXTRUmCqFk,2tFJUHuIFnY,1cR5GappWg0,4xgX1kfScyg,fsXfBoNcLeM,qFo_gRhW6dQ,Woman00822.wav,Man00362.wav
230,A8lERWex2P8,1cL8P-_ZgiQ,705h5-bMNFc,-KN8aM8jlRo,evG8CQRCdV8,eOmQbJljnqE,Woman00227.wav,Man00935.wav
231,RvgBkTxqaGI,fyuc8AlMcs4,51plA25XBAY,3IfJ3qxepoo,OzaVvthCvtk,o8FsD7l5er4,Woman00284.wav,Man00976.wav
232,BO0AlGjk3U0,GxyOwc4P5N0,4CBIQjRXk2c,lFSZzzhp5BQ,ZFG9jHrLtBE,MHkfPjW0aRg,Woman00968.wav,Man00356.wav
233,xQ7rLCWtiUw,BpB71-NhlyI,5kdUJFXiCfA,2cTuUAzfxBs,KzydTOkZty8,hFj0KUzofNg,Woman00435.wav,Man01031.wav
234,nN0NUJhqtfo,4g8KsXeh73s,-mN2Mmb7dGQ,14MqfShL_rE,IQbzpgmi4Ec,05OJDYeHLMc,Woman00322.wav,Man00847.wav
235,DW1K8H9dlAc,89ATDXSJfCA,46_u9qXjXIU,7E-_xF3NJIw,3QNFY4MKTy4,30tNWUyJCog,Woman00051.wav,Man00595.wav
236,4mib6x-088M,mRUEYyXTY_k,-L4u_SqrBH0,31y9TPm8NYU,fhWzjWZqzvs,WTVC7ZI9WtY,Woman00754.wav,Man00035.wav
237,xXgOaEiV4wQ,5UdeHgiXqFg,2ijQgz1kIE8,6tn_sgoSvgg,Nt0U-CXK6O0,XvtL_TTLXHY,Woman00004.wav,Man00033.wav
238,VbTIshjem8o,1-wdrZMz8g8,76hoLVi_Eo0,4RScAmjbusc,6807299U5eg,eJFZuX0WHgk,Woman00566.wav,Man00241.wav
239,aP6T3sAHAFs,H0slU8H4vjo,ClBoHgLCX9w,27Dy2HqweQs,3gh1oldZ7Zc,S_Z7o4OmU30,Woman00587.wav,Man00775.wav
240,hA9BVZWmAEk,n9yjO1hIG8k,4SVL_0YoGGA,3YnFCCNHtio,ChCdYoDz7CY,ZkmtfBzpQlI,Woman00937.wav,Man00202.wav
241,3Y0NYGdfJQQ,E2iZO5gz_Xw,-G5tvMM6N2I,4iGTfCkaQwU,j43Dwqzd8w8,-7B9tPuIP-w,Woman00557.wav,Man00527.wav
242,F0wHj1Kxtdc,cp4yc7RO05Y,6XwnGN7QBrk,-1bcj2TKFMI,JvqCsVj0I4k,6cQbxwbBqqI,Woman00700.wav,Man00005.wav
243,7HD80EUZEvs,3L1XIEy92iU,31rSNmtFKR4,1AYclzxuVjg,r4G71I1dFpA,uYCMVgUAwnM,Woman01031.wav,Man00214.wav
244,snjuWgZZ0c0,1FrddSb4iyc,6Dcb4611FI0,02aWBcrtUOU,IUD_ZYOh2MM,7jWRIjFaoeU,Woman00508.wav,Man00552.wav
245,JRL0qWG_5F8,BiPHxewE_KQ,3jPvzBbfueI,AAYEBCLS2pQ,3u9OO9Og0Gc,lV0-LMVpZLg,Woman00599.wav,Man00677.wav
246,XDYJyk0v0Ko,3U8VuU6AMY4,5pclyNFlbyE,4NoFqD-OEmE,7Mv4eKPe850,AUs5OVYg078,Woman00035.wav,Man01014.wav
247,FhHaYIDm7PE,2bDqxE3h270,3uNTtQoROXo,1lDPX81pX6c,32C6w8V7TX8,wKE9STHwX-Q,Woman00033.wav,Man00117.wav
248,Aeqrl3LGh8o,4DrqZfZnF5M,-prvzOm25fg,4Xc8Kah9ifM,NsYVaRI6rXg,5mLYN-F2Oek,Woman00238.wav,Man00616.wav
249,6dZCNeCEsxc,81fVdGcWvt4,-rBv3uKtH2U,0_1Ch8B9vZw,7e46Hfy5j8g,HkCYA4ax4jI,Woman00775.wav,Man00083.wav
250,BU8TP2mH9-A,CLVOUrlO4QY,0kxlndsypz8,4saJQylzgCs,4Ua6i_VDYU4,H18aK9HhNSM,Woman00196.wav,Man00091.wav
251,IAKiCdD0hkE,4OV5W4TknN8,0jrnjfN4TtU,0EgrO2QHIpU,AobHGHJSd-s,MwK9HYjeeN0,Woman00904.wav,Man00539.wav
252,j4J4SyiCzvM,jlhdwiyaDzE,6hNY-xX4tDk,254rO0rYoh0,YErpnsceZw8,BjAL68IMlp0,Woman00005.wav,Man00088.wav
253,1D_Q3l_tHeY,D5cuXiBnpEI,6WC3SL5y5iQ,5ADKn3yNST0,Gz8RlHf3Czs,PwmXO0J-PAA,Woman00210.wav,Man00264.wav
254,mPeDnI9hzrs,1_W3NF4CEqI,7EDhKFQIVIU,2NV4ATzu2uc,piY4mt4F9xg,tdTT6rmkk9M,Woman00344.wav,Man00785.wav
255,-CHZ7OM1agU,AoV0vypYyy0,3JtSn8gZDw0,5IZQJasj2hY,b6hr31Qaemg,0PMFAO4TIU4,Woman00597.wav,Man00439.wav
256,1ehMBHY_pcg,6SVcV8c6hKY,63pBuKLV4LE,2m9GV3fCHn4,uF1KTW5rT-s,vmz9kAEiTSc,Woman00343.wav,Man00938.wav
257,C39uHcVZNIY,yVRVuskgcs0,31rJ8c6QTnE,0cPXwxv-g5w,hDsA_ky9Hfw,mGU4ZRstxpY,Woman00080.wav,Man00536.wav
258,TTLPEMPCO6A,5hNt26_fha0,2TaJjbKcjUU,0oFoIWXULns,whIj6mrUGzQ,zCGGb7Eh_f4,Woman00087.wav,Man00480.wav
259,HwPqWcxO1rY,shtWfwAgZcg,PKjdzkqFB0s,-W0yrujOstM,JUwu4xOs8K4,IiBgER0W8iA,Woman00305.wav,Man00659.wav
260,vsPlWV_3kJI,KWaqkY8prbk,-Jt7s1J-tkI,6FRw-IIWcjk,oRVivXC83hA,w41gqTFYh08,Woman00085.wav,Man00007.wav
261,4gAVXFtqTyI,2K6S8q397FI,2KK6jQ2ON5U,1NFccqgrl8s,0H3FAoDgzhI,ZM0imDMXuw8,Woman00367.wav,Man00416.wav
262,4Ih95WHj8Sk,KInA9VAU-gw,6EbPSCmg-m8,3GXhX1MpGFo,C5MhO2HM2Wg,rh0vBy1JD8A,Woman00791.wav,Man00481.wav
263,CQTtQ--UqhE,a209xEeJjL0,6FzOyMRLP3Y,VaPskPZAYZs,JoBRbtAnbVM,Ir82jewhXCo,Woman00802.wav,Man00105.wav
264,H31uyimDD_E,8yAhFWq1t3Y,7PcPXHohlzs,47c0LES3y5U,CVLqZyUwqv8,xseL3oZc7pY,Woman00540.wav,Man00949.wav
265,cCuacgIQ-vg,fkRrXaT3OWw,3drO62zPG-0,2PAkS3Ky7Bs,mFcHGbnNtSQ,6-CMq6xw0fg,Woman00324.wav,Man00369.wav
266,JtP8N7vPFV0,E1jzhgNU-ig,2E6RerMXMWc,3RLDeQRv4dg,KzvdKLdBw3s,sgJT5lIFttM,Woman00409.wav,Man00899.wav
267,POK8ikub0lk,AhVt5zUPC2I,1n17WkAV7Fg,4bOYK2vxYCA,lZavPVn7O4Q,JDBu-3VCyWc,Woman00295.wav,Man00276.wav
268,47qviOA6uSQ,yoekLYUT1hE,7MrvGplu5Wo,t5NMuLwCUZ4,kgvx9drZXpk,DaiVfxATCEE,Woman00007.wav,Man00433.wav
269,a8yLurn87M4,A8X9hnS23RA,-RjDS0MiAGY,7N-k0FFMK6g,9UD7qz7DuVY,s25X6KwBpxw,Woman00725.wav,Man00475.wav
270,BLv0MnM4x_Y,3r-61P3WM8U,14-FcqWJ500,40H1Vh6i9LI,75UH33tO0Bo,UC_XpUcIQ_8,Woman00492.wav,Man00712.wav
271,zdPLclTR__U,-NFotJsxRCI,-4MJNZDXuek,3lloCRX6rV8,CaCjiFUL6Fg,tQ1Nl4Dy2aI,Woman00100.wav,Man00999.wav
272,-Ekd-_5e29c,x0MAIECH7J0,5TFxl0gt604,Wa6yOhME4gM,2vQTq4QLP8U,iS8YQGp2_ng,Woman00482.wav,Man00506.wav
273,Kv3LJ4F52oc,v0C9rQ2SILI,720iq39XO4g,1MUHq3_1-Vw,Wnl0qbVynL4,hpiFoinUgvY,Woman00902.wav,Man00126.wav
274,Xa5hhWJCuIg,-zQlrlKh8SY,3OY2o_gZoVw,0qs8OjDvSI4,GwTXkfuc5v8,In44gO8Ej90,Woman00900.wav,Man00997.wav
275,N4NfUnoAMN0,Bh8j7qJgKqs,45luvXv27JE,Q3sfbV8qmDY,iEMTTKA7NxU,L2-EGNKzUAQ,Woman00273.wav,Man00260.wav
276,4vKMsJgX6SE,4qLikddG2ok,r6IpmraH6uM,-MCWpaOHw7w,5P5XAclO8ko,7pYavsK9sPg,Woman00545.wav,Man00352.wav
277,3g-m3swppt0,1MDZysEe1bA,5cZuJHSXkIc,-mvvsZRv67g,RIpfb9LSFe8,3IYd8cCmUkQ,Woman01016.wav,Man00011.wav
278,8uSN1QB6OKM,ApkbTS2Fq_o,7RgbDxKbt6c,0asiSx6DZQ0,AcX6rAwFTiY,EzP7PB2x670,Woman00381.wav,Man00206.wav
279,auy_o-sbjS0,Hy-6yAxGytA,2X_ucfO1hIU,17iPt1k0Cfs,uAYPacrJnyQ,ccsgja0XsWE,Woman01010.wav,Man00761.wav
280,6x_4I8m0H_w,QV4WuONNxsA,2K2wiyPKw-w,a5is5AFCxGA,EUmfsCvmkgo,LWLLN9INTII,Woman00680.wav,Man00087.wav
281,G06MJLB6VCo,BQe6ZyIFt7s,4OU_RrC2LgU,2KjBvf3anf4,lwdDm3UO5WM,UJA5AWbt6HM,Woman00121.wav,Man00973.wav
282,WTX_UM1pBZg,LLtx1eSdO40,5ehVBnaDcUM,0mv4vLyR7bw,9Qd6AdTq3Ls,4Gow6qZcNZI,Woman00388.wav,Man00492.wav
283,i4o2QOtfxdQ,8kMtMUVOZAk,5ZRK9n7-B6I,Ynr_ZcIZPdA,yNIZaqTHUnc,RF3rog2YjYw,Woman00257.wav,Man00640.wav
284,-E2pYZgSAnA,2kgqusVK1zo,7J6orpy8Dos,1FKLi2FiPMQ,gRGiTueWUVI,d61plJ66vE8,Woman00360.wav,Man00249.wav
285,8RBiYz7NExE,z4z_CiRJgMo,509O98D9m30,7Kn0PWTqU2k,aWK9CcvOK9w,qwI32Si0ipE,Woman00011.wav,Man00302.wav
286,gvNB52yOdRA,VsNE-R5R9ZY,63ETNbtgw98,2WXhBDvRPmE,GQbytKkt0tg,vG0QJ3bjfqk,Woman00200.wav,Man00221.wav
287,suuXs-pSuKE,1E35uS6Zcr0,04VunrVmzOg,76OsU4vCcpU,ggBivmG6yHQ,3rbWoeUg9yo,Woman00779.wav,Man00923.wav
288,Ryne86X4j0Y,vc8AbPOi9uU,4c1r5MuxJCs,0y1wPrPh48g,bf8JlTKzOs8,dPCj4WhTZ3c,Woman00084.wav,Man00371.wav
289,74AGXLBcRXI,CAKLJuAn-TY,63h2fqinkuo,1itfL_Fb6hw,x1KyLxsnJY0,o2bqT0ZTz7E,Woman00949.wav,Man00545.wav
290,TLuWa2d9Z7c,BPocmCuNh4s,1awz2iQYsEs,59YNn0SxOFI,dh9XweTn6rI,rnOIXOGfSUE,Woman00619.wav,Man00237.wav
291,EDafYJ581i0,Sh4PNq5POWM,6UPjChmlio4,47ms5ynvDKw,6Si3eGkmmy8,86YDiQjYU1U,Woman00645.wav,Man00887.wav
292,6HTH0CeC29k,1svXxbckGtQ,0xiMXsiqTx0,3fkI96snN30,Hp-lgcs4VXY,b2-izZk5_BM,Woman00246.wav,Man00372.wav
293,Wlt63JX2hf0,54UVSjy_rVc,6poQTjodYCM,4hjuqExppHQ,9rgB0wKU1-g,jZi0VVWt72E,Woman00894.wav,Man00875.wav
294,LmXAMW0asww,2zRroz7AaXg,0-nQBojy5C0,2V2Urr4XyuQ,Dv21JlCT4_k,piyYJ2l_h8Q,Woman00217.wav,Man00980.wav
295,R_6Efikd9pU,raxZQ29sGbI,-16_B0uPU6E,5TQUSuBjNMI,0RcMzUdXDRQ,Q6G1XGwd-rM,Woman00907.wav,Man00990.wav
296,3gL-av1-BUA,21sWzaEDQcc,-Aby8HOzs0Q,0eqYW5QxdIE,N_LKZjw9DLk,QK-mjNg8cPo,Woman00785.wav,Man00375.wav
297,vOYckcMr-e8,T15j-t-e7EM,tZ59k1G1-h4,-g-X7azPfSY,hlHb9HwNxk8,4LZSSya3ZZQ,Woman00869.wav,Man00791.wav
298,k1K0UI9-B-I,BSpnq3UfHj4,Jw3sQeUYjgw,hu4v4URxu_8,8DHtPopFvII,GQz_u0Vc8Os,Woman00233.wav,Man00882.wav
299,28ICk77U6rU,jseNHVLUylg,4Wt2YvZQKxc,75IDf44g5gg,iFSaNmZyPQo,VV85n-ebuUU,Woman00888.wav,Man00381.wav
300,cA90ja9Eark,FOEOfmNUAio,DA9Vv1OSQ-U,7PQC1VJrnPI,kKPGTMdz99A,KKgYvcfrxj4,Woman00983.wav,Man00009.wav
301,0G0b96-vK7s,B-db-DtwW-U,3U0bnpvhUtA,X-rZKHm0hug,xSDkn9PtQm0,P3ZPbGjHFXE,Woman00826.wav,Man00165.wav
302,ncIX6t-ThLQ,VpaZN5BFxaY,0cf3uEGaK58,1nSWGYTUOyU,MvnC1TfNiPY,r0I-G70gyo0,Woman00181.wav,Man00558.wav
303,j1-1eEY_c4E,Qi52eqc8kh8,6otj1o4Og8M,1gXXzvAD3xg,1RhYdQnZ_hw,YcWJUHWt-64,Woman00957.wav,Man00829.wav
304,JuEIkNoxbN4,PFqxyUhJL_g,5yXaXp9Fttc,22RAMYL_EgQ,mAmaUI7_uZ0,KTqf_FXZygM,Woman00965.wav,Man00498.wav
305,K931wxHTzCk,DTOSQEP9chM,1B0QuxFwmDI,7IptrZEgmnw,mq_b6QKVsuc,lHlOSsnP48c,Woman00495.wav,Man00598.wav
306,gp7x498MNv0,qy3t8dkHmLQ,1tS04ihMG88,zI7PY5StQYs,eISYX9koocM,92QYLjfo68Q,Woman00924.wav,Man00806.wav
307,VU8EqlreeQY,m592j2uc0cU,-GpHV1tgIh4,--KMCJIHwK4,ojdqgnmcgYM,Obtx-A9Lt5c,Woman00857.wav,Man00584.wav
308,tgWuoDY9UVc,WW41ihuJF3w,6plPNwGWNuI,46SqWZr4VcA,06Brdf83RZE,C4-mZ1jGQ-E,Woman00009.wav,Man00490.wav
309,IFi2TjB-DN0,fUhm5gOvsXM,-OaA0numun4,1BqXtJPGwVU,2SQxfaWAJJg,I06TOd9pXng,Woman00158.wav,Man00596.wav
310,_ONjC3LJuRM,uz_6CREfXEc,7G2-ppEm5ds,4K1WdYyXkKg,Bd9TjPP31U0,Aw2ctwyhe28,Woman00563.wav,Man00967.wav
311,1Pn8brsfZ0Y,5Oyf-DWdSVk,69GWCu585GQ,1i4qMXfuo6A,cbq6Q2htPRM,NnYfF7E12dk,Woman00549.wav,Man00715.wav
312,4LTY5Z_Sn4Y,PX3ZTht3GCI,0C4elojHh40,0XxTX0q0NLE,A8CJ4YSsUgs,hTAWbHXCJ2A,Woman00509.wav,Man00855.wav
313,X1TPltmVHA8,lp4YKMKIsXU,0Hm6UX07NLI,5kCo4OTSBoM,xKEJ6fVhb8w,8oUI02eK3SM,Woman00419.wav,Man00547.wav
314,DHapCRPNc1M,4y-H6dj1iik,64Xl4L3gW7I,3r1qmT6qMVU,hrOP9swUpyA,Ou7vteWmqfw,Woman00806.wav,Man00601.wav
315,K5Naw5I1EOU,1Ny2V_DJIrQ,6Gb9KN9TijE,4mF1zVzXn4Q,zjsWFvUkh7M,DroAzooK4yw,Woman00829.wav,Man00732.wav
316,Eq7-nMtZi4c,2gFHlbc_TEc,7fym_zy_9lE,5a8cHgsxSTc,5JqTvKNXzOw,V9EFYFKlYbE,Woman00354.wav,Man00464.wav
317,UBiUQ2EboVA,-yZuFZRojYA,-c9Zvioes5Q,54b87mukVuc,FsnRM2irjvI,1IMi7yfZVVM,Woman00600.wav,Man00469.wav
318,devxJnbIcSk,8KOxELcGG1U,1ULLBM_tNe8,-bCWLZj3MUk,5JQIsqc8HBc,T0tyLNN7SKA,Woman00967.wav,Man00238.wav
319,q5PbYTi-hWU,nmoD5ahXNjQ,2u2wxAgr2Lw,0dsoWAvTtck,qET3h3w35EA,rkapTdi8NTQ,Woman00596.wav,Man01035.wav
320,lgbVGZNFIao,7Qju_b_eBBc,0viyuhhhx2Q,2ROtd5X1wc8,nbIwdOQ7D8A,rizanOQM61k,Woman00439.wav,Man00769.wav
321,atLSatDog_c,EC7fbhdAetk,2gDwbxnjCvI,61XDwUTGHHs,1PKxdTlquCA,WPguqXCBQCI,Woman00611.wav,Man00222.wav
322,q59X3RAWN88,n4Gw35E-P5I,6rFJrQrdc7o,2ket9bKEib4,fpVlYpgTKZI,IN71kMOAk_k,Woman00606.wav,Man00085.wav
323,MhtIfwhfWyw,QTUCc92yLqs,3ObunLsm_qc,s8aGrWPFoeM,2f7NnTVQzR0,0TV9zvfwFhs,Woman00735.wav,Man00158.wav
324,AeE9nLpDjiw,iaQtE2kwxUQ,1bjSdMp7Hts,1geDUsTE_f8,r7Ve8ExE8YY,ZiHlhUvmgzQ,Woman00855.wav,Man00312.wav
325,E9X2gELUbsM,2knHJbYz_CY,0PMFpxCOwwY,71KDqlqYidY,W_zgEkvp4xU,6AC84nr6ckM,Woman01026.wav,Man00680.wav
326,WCRVy5Ewivs,VrxeXAq8IWk,6LCzh2ehVwU,42VM9S9JSc4,_yRFCl-z-EE,2GepmcbNlJY,Woman00234.wav,Man00338.wav
327,OhgHggnmTAg,6LKWYKYvZZw,5i4bAFflMhY,-6tCDtZtm3A,zOvFaef41iw,K55v5p5DEPE,Woman00372.wav,Man00684.wav
328,4dU_sVfN8fI,X3r5_j05IHM,3D5kTLKof4w,3U24eJBRsY4,tnDUwvxQU3k,VpikuLP_9qQ,Woman00871.wav,Man00354.wav
329,5FIu-zWMoQM,AXETqkxGRD0,4TBLId9v70Y,69OD6BQfrWw,AY_yCk4eTTI,5ZpVhmhVYoI,Woman00218.wav,Man00729.wav
330,wKeJ6Qc28U8,7O-CdP3T5dA,70gR18plsnw,701WmNmXHIE,j0UMI2DrnMA,rrWQd5SZK74,Woman00082.wav,Man00520.wav
331,qKDG4gY6wUo,Tc25Rx3RaX4,5Tp3Uxp3Cyk,4Wdc7FAJh70,9Ijpv6e57a4,r8B3-yBc-4U,Woman00151.wav,Man00142.wav
332,ZfUgSFQ35bU,aiGnSZ5shP4,-BjORVxy9z8,2TgM00XU0kA,bg_QoesbfOA,l21xSYRR_Xc,Woman00312.wav,Man00567.wav
333,JcrOB6x02-g,l49u5m-8ryA,Z7QH4dsa6NE,09MruHhYjNw,bxF2vxTzlvo,LAHWV6fZwUk,Woman00477.wav,Man00321.wav
334,u_T-kFpt6TM,4Bt0wjj1YKU,9af9bmrdwfI,17-MsU1VE6A,xWmcax3aX5U,lAMiOhScSPg,Woman00730.wav,Man00779.wav
335,ORuji9EBFKs,3wGeoBQvN_I,6ipBxF18dDk,04Ezg1wYqpA,KrK8Giu9ZUc,Es9FNjZ-SHI,Woman00528.wav,Man00512.wav
336,0iTtD8RHj_E,f8fWTk_m3gA,2m9P8bs3LhI,-WrlvK3o5Hs,OLy3C8YpMsY,XhV4zf-Xlmk,Woman00362.wav,Man00002.wav
337,pSI9MJnUwSc,AWV2phRShI8,AabebhS8sp8,-iGxJS0xVYg,sytdnmy0sRs,ctJI7pCbxAo,Woman00898.wav,Man00326.wav
338,qv4ec2URjHk,3xhCFqDR6-s,ec_9xqUBf2k,0w2jH1xK6pc,Kt2MwCHV3Ko,0QAaln-hjPw,Woman00817.wav,Man00731.wav
339,T3yoPyJsLa8,BFjfVLgZJ7c,-SLsSZcN8rQ,32WtQ4fP6s8,B9K58KYq-Cs,CxgVq6eovRU,Woman00136.wav,Man00564.wav
340,5XsQ8_iDSZk,AFrcKKTP-L0,1umwjMwdK34,MEzwklxtBac,wBozBh7BR6k,AHmcuClSTL4,Woman00572.wav,Man00825.wav
341,DxJrLrqJ2nw,XDJiCOUNt6s,3ho7ChvjNeM,6sy6bbu1TxM,7chwYGGSkmE,VAqPLAgn9NI,Woman00321.wav,Man00549.wav
342,oBDe-oWqhDQ,9-Ulck1Lzr8,1h6BZm5fE_0,2tYb7VK0DTY,SMjYheNdAzg,oh0EWEvJI90,Woman00631.wav,Man00765.wav
343,bI1mzAh8WM8,i8DVNa0mCtk,1YhSHkaAbRo,51YajY6Cnpw,W_MZo88gzrA,FEuXIeWoCQQ,Woman00466.wav,Man00868.wav
344,U0PCyv0HH4U,3w6wBXnUiPo,2AtclfQOjk8,6nn1tqKlKfs,N0q5vPAsHLI,V5xL8hLFY58,Woman00002.wav,Man00182.wav
345,nZ_mwOkMsFY,SJbbG4MbNBc,XUpci210aho,2ULx_KULB8o,YxQzJweGS2c,HzXWXYxXyYA,Woman00326.wav,Man00133.wav
346,-iTRb9ze7W0,e3UUAHpGENc,7NdJkIhHl9s,29us_e4ffYM,gDzi8N3BYMw,AJeRSlZuZbk,Woman00734.wav,Man01015.wav
347,qTOuEbl5H08,2hEy39Y7soc,aAWxNLsePGo,0gc8j4BQShA,Occ4uW0lw0k,40kbMyL2Wgo,Woman00569.wav,Man00434.wav
348,wW_8VGOyNmM,4TyXZL3uQkI,0wte7RWbNFw,01RCkAuolVk,UiiYMspxfhU,mWuX--EEq2E,Woman00598.wav,Man00830.wav
349,gqD2Uzha-Q8,xFLXKD-32sA,-xhIITrBwXI,44OjFlIEL78,WE0JqjuhaQI,b8okzVltB5Q,Woman00553.wav,Man00934.wav
350,sVvukO981x0,zyL-xlYDhXg,4yz7I2EF-qw,1MTbLb2yuhM,XscK8V4Veac,ikEuQPSBY-0,Woman00504.wav,Man00098.wav
351,O9iJec-VXTc,2tbF-82KOoo,3H-9jtK3ugc,1GrRbMhrE4k,1h2sb2xeCt8,pwX5SArqGKU,Woman00695.wav,Man00972.wav
352,Mw9Q_TbF4iQ,7dHeosj2NWU,LcdDudJ6Pbg,-2SkvmLIFXw,VP1cB_AVu6c,l1coM570kVw,Woman00175.wav,Man00191.wav
353,k9f8awQYT9U,BkaeluS-riY,3Dn26LHTibI,-XqHf6f2QC4,MVYSWTF11Nc,SHYGoXwgKtk,Woman00128.wav,Man00284.wav
354,FtsRcPmBNtY,67Lmh0O7psc,2RothUUm6dQ,2v6EfMQyvxE,Wp5AiCmbQjA,ppAT0f2YCyM,Woman00845.wav,Man00926.wav
355,sl9eomcikts,Q7mCuYJoOMI,3GX-gcwIKhA,4goRNHD8oo0,e57SBRbMXbI,J2BDMndrvhA,Woman00443.wav,Man00073.wav
356,Qv6REjx_iAI,3helsczqbo4,16-bo0-11sg,-aZe1u5vYXQ,0VwX92X3iPc,p2jnUySmuvA,Woman00574.wav,Man00301.wav
357,IicbSs7Hoe4,n_YXUxxu0kk,5N_fUPZaKEI,oBbpKSCslCY,hHS5C0RKa8A,7lG2zPKo9e4,Woman00936.wav,Man00140.wav
358,AW1seBzKebo,Pkx-11Dphwg,-rRdrWMFP2E,-zfEaVVa8gs,1a_nvi4sW64,FTdcanPJw6E,Woman00093.wav,Man00310.wav
359,CQ_C6C-Loa8,n6SNknXOtws,5lyH2D4YQPs,ClVR08C8Ly4,C3o8pEsAu5U,bNW18IztiZY,Woman00972.wav,Man00957.wav
360,ZvLi9CpgSnY,E3YoUEaY1p4,-MX_XC9dfeA,263Pd1CZvqA,OnL-e9X0oEc,jWTm17KZGI8,Woman00185.wav,Man00336.wav
361,3cTN5PzxLBw,8_vu-rzEDPM,1R0kGArzgU8,51gibTXw4Vk,dDKUjMHerLs,ET7yQfaiF_8,Woman00283.wav,Man00154.wav
362,ixNZy4Edx9g,7o3DOB3p00U,5MmUYIMcYvg,6yRycsDDnOw,XWj7nP7kfdQ,XOsHEjo-RSg,Woman00927.wav,Man00510.wav
363,PzrC_c57ZmA,wXKLBn72oPk,Lx45PjndDXY,3W5JvwRTD-Y,yPou7kokTgA,A4jSRfZ6yd0,Woman00071.wav,Man00693.wav
364,69bE-7APERA,0syDO5o4VYw,3KrDVp5K4sE,4ySY4mDFNoc,0a91szM1Ivw,1Rd1w7Ty1ak,Woman00300.wav,Man00975.wav
365,e_Ago0IPsqk,mktlU9vM-B8,5TxUKSXW85I,0WFC6EQAHZ0,eWGGj4duzIo,DlU56FGTVEk,Woman00134.wav,Man00144.wav
366,-V6lKFFF1-s,MmEHrGOCl2M,16kmcLcAUfc,xVnod_9Sxhw,Cn3xoxvbkF0,X0MN34Us6eE,Woman00310.wav,Man00802.wav
367,DM8kUkfLdUw,626ZAxjH5Gw,-TV4WW8ElzY,4YTuQIjYxuw,RBniJk6GKK0,etmmUjsRNRs,Woman00448.wav,Man00174.wav
368,ku9CTIwP1gk,2tnfiLIfRD8,0qphpfTp7m8,1Q3gvMdUctQ,M7GSBDc6s_w,y6iMm7Pltq0,Woman00336.wav,Man00030.wav
369,KScMxjWPQQQ,-4AfcOtCe3Y,51KsGDLY0OI,1tdWm6p2Tkk,5D4siJjh1j0,d-KxsdWX9xE,Woman00147.wav,Man00986.wav
370,ErUWPikSh3w,ruZ4Qfrsxa4,1VhyVghoknQ,6hC2AX5bRng,QXe9BpTENCc,31DNFoW3NAw,Woman01035.wav,Man00203.wav
371,TbbzR3TudCg,_o5bDcz7zYw,1arueY7HHYc,0er7gG1g_hg,3TO4C7SiC7I,sXwa1Akj1t0,Woman00605.wav,Man00987.wav
372,BjXzieu_Jwk,-z9ygqjhcOk,0aJi8s1SJRY,12FXhmsVIj0,ySY5J3TDgag,cf-IIqhveKw,Woman00667.wav,Man00658.wav
373,0mxcPwCLUb0,EgyMRekqeKk,1FVE3kKQdsQ,-t9dljJIZRE,OA63sRxGk6o,e4abjaPD9R0,Woman00138.wav,Man00179.wav
374,kq92FObF6Ho,WnZs7cjG9DY,-SzHl701e_s,4wVa-EorsZA,1Ziku4FLka4,fJ6ZeWYfLjA,Woman00698.wav,Man01011.wav
375,1SxT5rxKwss,0BR4cN_TRU4,15JCYdV7y5A,2UqliPIhfxc,DVuWm53IlVw,3sRO6iwfUxo,Woman00167.wav,Man00150.wav
376,5C_JhwepMIM,1srDsQWuGrw,1sZcEtF_n5o,48ks2izEQho,G2uCAwYS6w0,-0vPFx-wRRI,Woman00030.wav,Man00183.wav
377,TV6sViX7Q2M,748XZTRUYDY,0agPxolrDWk,3QM-pDcG_PE,DA8lw6Mq0DY,nBiHncFD0dM,Woman00591.wav,Man00008.wav
378,Lo64VHYV3IQ,dRJwBE6fAe8,I9GAhH0X9M4,3DzeVCxAj_c,UVY68vFiApA,z_fEIZOv0JY,Woman00197.wav,Man00919.wav
379,Xg3bzsrOGnQ,ePIh4W33iSY,0tHTLkNVXTk,27wrJeQKAeA,bVc7-sZAi6s,6XHdybfV5Cw,Woman00602.wav,Man00494.wav
380,3Ll77LzB7q4,W3RTmT-o50I,09hhBeQ2lO8,-kugydvSt5Q,LbQ4zHxhoSI,DU3Vlaa8rU0,Woman00976.wav,Man00078.wav
381,MyZRlSUYbMk,5oMjbcjxQsQ,1MaPUR96fBg,2-BhUO332ns,CretxKgW4Jk,51bsCRv6kI0,Woman00172.wav,Man00706.wav
382,uVbpREJPp34,KWa5lKQAeCk,3x62CurGYUI,53hvd7vUThQ,FxeA9blzUD8,NeSIT6sqLRA,Woman00515.wav,Man00597.wav
383,U6kXTbXZ0Oo,svq7802-vts,7FiI2SlAcsw,4lPkgmg5lFQ,1hWAOReJehw,f1UMPPWbCrU,Woman00143.wav,Man00248.wav
384,UJsKS3-6vzk,K60WVuoKQ44,4VIwosnFpZ8,4WZXX1QS66s,zYUZEXCE7gw,doX8FjlNPf8,Woman00176.wav,Man00155.wav
385,s-jNMm7FEU0,9Rqu-Njigxk,2k8x2JK86Hk,PwlgtDcScdo,Nymjfq2kXnI,79tuMIiWMZ4,Woman00008.wav,Man00821.wav
386,-2WeKymlTLU,6iZ3QhEKRTw,4jcciLK2l1I,0U3qRpXqMzA,dbldb9tq8ng,Xn0wIqnt_44,Woman00668.wav,Man00244.wav
387,RE-bSKeJ3q0,OeNyJdGuGLg,3eaoWA6uG9U,1HAPGhieaPo,HCCGZh-TxK0,xqjpWi83CWM,Woman01012.wav,Man00230.wav
388,sXu-s3tmB_4,4M_rwyinBs8,5z7kgC7eTcI,-svquUt9T6M,QrJVAHIkpCo,vByuZEzCZJg,Woman00076.wav,Man00491.wav
389,6DCjY3ELFeE,Lq3mDMI_TSE,0tXCv1wgHo4,ppn60593coA,Cchf2QH63bI,6k4lcF9IGUk,Woman00710.wav,Man00737.wav
390,uZT1VTQkx44,B08S45wRi2w,6EavkdiocOM,E7qM_E1cgZM,PE1ges9nn6A,D3ht_xXl5S0,Woman00521.wav,Man00141.wav
391,04e9N_422v0,tGI2BGjWK-g,3G1_UlWB51g,4NyeGoymaTQ,pELIBvAnbkY,WT_wvvEvkw4,Woman00245.wav,Man01027.wav
392,CQxf6-0eBjk,6uoo1laD1gU,3qya1PIqNbk,-GPRFFWec8g,aJHv6TV7JpY,2RU4CSDzS-g,Woman00148.wav,Man01010.wav
393,GMWsOaCfRUo,4c3AEO5W6z8,-QT_-5npp0s,4eS-PGD1tAo,PuJxL6tLxm4,B1vY7kxQ9Xg,Woman00821.wav,Man00195.wav
394,7KSg3_5pD8o,qX1CloFPAHk,7hJLWMZOrEs,-tmH2PBmQ-o,C-7ubPOCeJk,56Cm1AkbfbU,Woman00241.wav,Man00045.wav
395,7yLeHONNwQ0,MVKSgPbWrKo,5DN3Yk3Xeq4,6C_qQbXthlo,vo7BYs1OqbM,JxwRvkjNJQ0,Woman00226.wav,Man00631.wav
396,0eRpD0tsUJc,7KZAy2aiRqY,36SxFcRlwvU,6_29driCMCQ,Qf87MJcWZQI,-M-6VinyMiY,Woman00732.wav,Man00116.wav
397,-4FlKZIo8B4,qUnsatMWqJY,5kqdoUvHahA,-ZSI35qhuKA,KPymcVenomk,-8cgbhIR_pw,Woman00685.wav,Man00608.wav
398,BL115VrUOFQ,7gXn_E1AQPI,-KPgVOjcXEc,7KXZMnDR0z0,55qucu8Zs_I,jdEbwMS9xqo,Woman00135.wav,Man00060.wav
399,havZGMiImpg,4JJoK9h3b3c,-EOj-mye5Sk,-OicapfdT0I,5n8I-br2n1U,5AdeNHlPnvs,Woman01027.wav,Man00419.wav
400,bXm4XUPoqis,2gj5q8sDomU,1DnouE4rLXc,0WhfAk1L8pQ,TiDdR-6bIcY,3FJFcgaa0oE,Woman00433.wav,Man00456.wav
